company_name,company_url,careers_url,strategy,timestamp
10th Magnitude,http://www.10thmagnitude.com/,http://www.10thmagnitude.com/careers,common-paths,2026-03-03T13:54:17.957Z
10XTS,https://10xts.com,,,2026-03-03T13:54:20.949Z
30SecondsToFly - Claire,http://www.30secondstofly.com,,,2026-03-03T13:54:44.564Z
360Converge,http://www.360converge.com,,,2026-03-03T13:55:33.329Z
3DLOOK,https://3dlook.me,https://3dlook.me/careers,common-paths,2026-03-03T13:55:40.230Z
3TEN8,https://3ten8.com,,,2026-03-03T13:55:47.302Z
42 Interactive,http://www.42i.ai,,,2026-03-03T13:56:15.780Z
4iQ,https://4iq.com/,https://4iq.com/careers,common-paths,2026-03-03T13:56:37.009Z
"4th Law, LLC",https://www.4th-law.com,,,2026-03-03T13:56:40.219Z
5x5 Technologies,http://www.5x5.ai,,,2026-03-03T13:56:59.677Z
6D.ai,http://6d.ai/,,,2026-03-03T13:57:11.181Z
6sense,http://www.6sense.com,,,2026-03-03T13:57:17.202Z
75F,http://75f.io,http://75f.io/about-us/careers,sitemap,2026-03-03T13:58:01.884Z
7Park Data,http://7parkdata.com,,,2026-03-03T13:58:17.861Z
Aarki,http://www.aarki.com,,,2026-03-03T14:02:07.893Z
Abacus.AI,https://abacus.ai/,https://abacus.ai/jobs,common-paths,2026-03-03T14:02:28.644Z
Abita Healthcare,http://www.abitahealthcare.com/,,,2026-03-03T14:02:30.800Z
Above,https://www.aboverobotics.com,,,2026-03-03T14:02:39.947Z
Abridge,https://www.abridge.com,https://www.abridge.com/careers,common-paths,2026-03-03T14:02:48.949Z
Absci,https://www.absci.com,https://www.absci.com/careers,common-paths,2026-03-03T14:02:51.917Z
Abtrace,https://www.abtrace.co,,,2026-03-03T14:02:55.085Z
Accel Robotics,http://www.accelrobotics.com/,,,2026-03-03T14:03:20.532Z
Accern,https://accern.com,,,2026-03-03T14:03:26.236Z
Accompany,https://www.accompany.com/,,,2026-03-03T14:03:41.100Z
Accrete AI,http://accrete.ai,http://accrete.ai/careers,common-paths,2026-03-03T14:03:54.371Z
Accrualify,http://www.accrualify.com,http://www.accrualify.com/careers,common-paths,2026-03-03T14:03:58.156Z
Acenna Data,https://www.acenna.com/,,,2026-03-03T14:04:02.428Z
Acer Innovation,https://www.acerinnovation.com/,,,2026-03-03T14:04:10.824Z
Actively,https://actively.ai/,https://www.actively.ai/careers,sitemap,2026-03-03T14:04:19.286Z
ActZero.ai,http://www.actzero.ai,http://www.actzero.ai/careers,common-paths,2026-03-03T14:04:24.893Z
Adapt Ready,https://adaptready.com,https://adaptready.com/careers,common-paths,2026-03-03T14:25:39.130Z
AdaptX,http://www.adaptx.com,http://www.adaptx.com/careers,common-paths,2026-03-03T14:25:41.162Z
AcuraStem,https://acurastem.com/,https://acurastem.com/careers,common-paths,2026-03-03T14:25:39.129Z
ADASTEC Corp.,http://www.adastec.com,,,2026-03-03T14:25:42.196Z
AdaptiLab,https://www.adaptilab.com/,,,2026-03-03T14:25:39.130Z
Adla,https://www.tryadla.com,,,2026-03-03T14:25:54.127Z
AdTheorent,http://www.adtheorent.com,http://www.adtheorent.com/careers,common-paths,2026-03-03T14:26:24.775Z
Adext AI,https://adext.ai,,,2026-03-03T14:25:45.056Z
Aera Technology,http://www.aeratechnology.com/,http://www.aeratechnology.com/careers,common-paths,2026-03-03T14:26:29.116Z
AdviNOW Medical,http://www.advinow.com,http://www.advinow.com/careers,common-paths,2026-03-03T14:26:27.138Z
Aesop Technology,https://aesoptek.com/,https://aesoptek.com/jobs,common-paths,2026-03-03T14:26:30.294Z
Aerial Insights,https://www.aerialai.com,,,2026-03-03T14:26:29.931Z
Affine Analytics,http://affineanalytics.com/,http://affineanalytics.com/careers,common-paths,2026-03-03T14:26:36.566Z
AEye,http://www.aeye.ai,http://www.aeye.ai/careers,common-paths,2026-03-03T14:26:35.516Z
AdMobilize,https://www.admobilize.com,,,2026-03-03T14:26:07.038Z
Agari,https://www.agari.com,,,2026-03-03T14:26:43.489Z
Agent IQ,http://agentiq.com,https://agentiq.com/company/about-us/careers,sitemap,2026-03-03T14:27:37.773Z
Agerpoint,http://www.agerpoint.com/,http://www.agerpoint.com/careers,common-paths,2026-03-03T14:27:48.770Z
Agent.ai,http://www.Agent.ai,,,2026-03-03T14:27:24.489Z
Agara,https://www.agara.ai,,,2026-03-03T14:26:38.626Z
